City_ID,City,Country,Lat,Lng,Max Temp,Humidity,Cloudiness,Wind Speed,Current Description
0,Susangerd,IR,31.5608,48.1831,75.36,14,0,16.13,clear sky
1,Khatanga,RU,71.9667,102.5,5.9,95,99,12.35,overcast clouds
2,Antalya,TR,36.7741,30.7178,65.08,54,75,10.36,light rain
3,Vaini,TO,-21.2,-175.2,82.56,83,75,4.61,broken clouds
4,Longyearbyen,SJ,78.2186,15.6401,21.04,86,75,12.66,light snow
5,Nabire,ID,-3.3667,135.4833,75.38,91,93,2.86,moderate rain
6,Hermanus,ZA,-34.4187,19.2345,61.81,89,36,8.46,scattered clouds
7,Shar,KZ,49.5886,81.0453,50.94,32,52,8.1,broken clouds
8,Mataura,NZ,-46.1927,168.8643,41.49,81,0,1.74,clear sky
9,Karratha,AU,-20.7377,116.8463,83.43,35,18,10.27,few clouds
10,Yellowknife,CA,62.456,-114.3525,17.56,44,98,10.0,overcast clouds
11,New Norfolk,AU,-42.7826,147.0587,54.72,72,100,3.0,overcast clouds
12,Havre-Saint-Pierre,CA,50.2334,-63.5986,35.96,93,100,13.8,overcast clouds
13,Puerto Ayora,EC,-0.7393,-90.3518,78.76,88,72,9.95,light rain
14,Inhambane,MZ,-23.865,35.3833,72.82,91,100,6.31,moderate rain
15,Carnarvon,AU,-24.8667,113.6333,66.27,88,100,10.36,overcast clouds
16,Rikitea,PF,-23.1203,-134.9692,78.42,69,1,12.66,clear sky
17,Kimparana,ML,12.8347,-4.9244,88.41,22,99,5.73,overcast clouds
18,Pamplona,ES,42.8169,-1.6432,53.98,82,20,17.27,few clouds
19,Bambous Virieux,MU,-20.3428,57.7575,76.21,87,35,13.76,moderate rain
20,Surok,RU,56.4469,48.1214,31.55,98,100,9.44,light snow
21,Provideniya,RU,64.3833,-173.3,32.36,93,100,25.01,snow
22,Bredasdorp,ZA,-34.5322,20.0403,59.95,93,66,5.01,broken clouds
23,Airai,TL,-8.9266,125.4092,59.43,88,90,2.24,overcast clouds
24,Mahibadhoo,MV,3.7833,72.9667,84.25,71,97,12.19,overcast clouds
25,Purranque,CL,-40.9167,-73.1667,61.93,60,100,2.39,overcast clouds
26,Kamenka,RU,51.3223,42.7678,49.93,85,100,7.99,overcast clouds
27,Pacific Grove,US,36.6177,-121.9166,69.24,71,0,10.36,clear sky
28,Geraldton,AU,-28.7667,114.6,50.41,87,0,6.91,clear sky
29,Nyurba,RU,63.2842,118.3319,34.54,98,100,9.93,overcast clouds
30,Barrow,US,71.2906,-156.7887,1.42,71,0,8.05,clear sky
31,Nikolskoye,RU,59.7035,30.7861,37.8,78,100,3.91,overcast clouds
32,Dikson,RU,73.5069,80.5464,-7.64,100,87,4.9,overcast clouds
33,Saldanha,ZA,-33.0117,17.9442,59.56,82,0,10.4,clear sky
34,Ribeira Grande,PT,38.5167,-28.7,58.51,71,12,19.01,few clouds
35,Port Elizabeth,ZA,-33.918,25.5701,65.32,98,0,3.0,clear sky
36,Jamestown,US,42.097,-79.2353,43.02,40,0,6.91,clear sky
37,Tuktoyaktuk,CA,69.4541,-133.0374,13.84,78,100,10.49,overcast clouds
38,Mahebourg,MU,-20.4081,57.7,76.24,87,43,14.23,light rain
39,Hilo,US,19.7297,-155.09,78.28,77,100,4.61,moderate rain
40,Mapiri,BO,-15.25,-68.1667,73.8,69,91,0.45,overcast clouds
41,Mar Del Plata,AR,-38.0023,-57.5575,63.88,86,0,11.99,moderate rain
42,Port Alfred,ZA,-33.5906,26.891,64.6,82,26,7.72,scattered clouds
43,Asau,RO,46.4333,26.4,36.28,81,29,5.32,scattered clouds
44,Portland,US,45.5234,-122.6762,60.62,44,100,6.91,overcast clouds
45,Acarau,BR,-2.8856,-40.12,79.65,84,71,8.52,broken clouds
46,La Ronge,CA,55.1001,-105.2842,31.57,80,100,3.67,light snow
47,Dunedin,NZ,-45.8742,170.5036,50.31,79,0,2.62,clear sky
48,Yinchuan,CN,38.4681,106.2731,45.75,39,0,5.59,clear sky
49,Angoram,PG,-4.0625,144.0661,74.55,98,78,1.07,light rain
50,Yar-Sale,RU,66.8333,70.8333,8.33,92,93,8.39,overcast clouds
51,Thompson,CA,55.7435,-97.8558,30.43,59,100,2.55,overcast clouds
52,Ulaangom,MN,49.9811,92.0667,40.71,35,1,2.08,clear sky
53,Bilibino,RU,68.0546,166.4372,18.79,91,100,1.3,overcast clouds
54,Kununurra,AU,-15.7667,128.7333,73.38,94,28,1.14,scattered clouds
55,Chara,RU,56.9064,118.2631,26.56,91,100,3.29,light snow
56,Hobart,AU,-42.8794,147.3294,55.06,90,75,9.22,broken clouds
57,Mount Gambier,AU,-37.8333,140.7667,56.17,88,100,3.94,light rain
58,Nanortalik,GL,60.1432,-45.2371,30.4,82,49,9.78,scattered clouds
59,Pisco,PE,-13.7,-76.2167,69.03,77,0,10.36,clear sky
60,Bluff,NZ,-46.6,168.3333,41.81,83,7,8.25,clear sky
61,Kapaa,US,22.0752,-159.319,78.78,84,75,17.27,broken clouds
62,Parana,AR,-31.732,-60.5238,73.54,55,21,3.53,few clouds
63,Brae,GB,60.3964,-1.353,47.32,81,100,15.75,overcast clouds
64,Ushuaia,AR,-54.8,-68.3,49.66,76,75,17.27,light intensity drizzle
65,Inta,RU,66.0317,60.1659,23.74,93,64,10.67,broken clouds
66,Avarua,CK,-21.2078,-159.775,82.45,74,20,6.91,few clouds
67,Abha,SA,18.2164,42.5053,66.45,32,20,5.75,few clouds
68,Cherskiy,RU,68.75,161.3,9.72,90,100,5.64,overcast clouds
69,Punta Arenas,CL,-53.15,-70.9167,48.11,93,75,10.36,light rain
70,Bentiu,SS,9.2333,29.8333,91.15,33,63,4.23,broken clouds
71,Georgetown,MY,5.4112,100.3354,82.33,89,20,0.0,few clouds
72,Itupiranga,BR,-5.1347,-49.3267,77.32,89,75,0.76,broken clouds
73,Kirkland Lake,CA,48.1446,-80.0377,35.19,54,100,8.68,overcast clouds
74,Balkanabat,TM,39.5108,54.3671,54.64,83,94,1.19,overcast clouds
75,Grindavik,IS,63.8424,-22.4338,41.47,75,75,9.22,broken clouds
76,Tasiilaq,GL,65.6145,-37.6368,33.31,98,100,11.95,light snow
77,Loa Janan,ID,-0.583,117.095,73.63,99,88,1.16,overcast clouds
78,Simbahan,PH,6.3032,120.5836,82.17,77,72,8.88,broken clouds
79,Maniitsoq,GL,65.4167,-52.9,25.38,82,100,4.56,overcast clouds
80,Baykit,RU,61.67,96.37,26.96,85,98,10.78,overcast clouds
81,Haines Junction,CA,60.7522,-137.5108,29.52,52,78,3.47,broken clouds
82,Cape Town,ZA,-33.9258,18.4232,62.11,83,20,18.99,few clouds
83,Qaqortoq,GL,60.7167,-46.0333,30.49,84,99,4.52,overcast clouds
84,Poum,NC,-20.2333,164.0167,78.08,67,87,7.07,overcast clouds
85,Pathein,MM,16.7833,94.7333,80.1,81,54,6.76,broken clouds
86,Kenai,US,60.5544,-151.2583,43.03,60,100,3.44,overcast clouds
87,Butaritari,KI,3.0707,172.7902,81.52,74,12,12.35,few clouds
88,Upernavik,GL,72.7868,-56.1549,-2.15,81,100,15.21,overcast clouds
89,Ishurdi,BD,24.1333,89.0833,80.56,80,3,12.39,clear sky
90,Mbanza-Ngungu,CD,-5.25,14.8667,70.83,91,100,1.36,overcast clouds
91,Busselton,AU,-33.65,115.3333,54.81,75,55,1.9,broken clouds
92,Dagana,MR,16.5165,-15.5068,75.6,47,6,16.49,clear sky
93,Santa Cruz,BO,-17.8,-63.1667,77.05,47,75,9.22,broken clouds
94,Luderitz,NA,-26.6481,15.1594,68.31,51,0,8.95,clear sky
95,Torbay,CA,47.6666,-52.7314,43.88,91,100,10.65,overcast clouds
96,Sao Joao Da Barra,BR,-21.6403,-41.0511,75.29,72,3,11.63,clear sky
97,Turukhansk,RU,65.8167,87.9833,-0.76,99,98,7.52,overcast clouds
98,Grande Prairie,CA,55.1667,-118.8027,38.66,44,100,6.17,overcast clouds
99,Kodiak,US,57.79,-152.4072,39.06,62,43,8.84,scattered clouds
100,Saint George,US,37.1041,-113.5841,82.8,14,0,3.44,clear sky
101,Leningradskiy,RU,69.3833,178.4167,10.63,87,74,3.04,broken clouds
102,Lae,PG,-6.7221,146.9847,77.43,90,97,5.48,overcast clouds
103,Kruisfontein,ZA,-34.0033,24.7314,58.89,90,2,5.59,clear sky
104,Aksarka,RU,66.5606,67.7975,8.91,91,78,7.16,broken clouds
105,Dalby,AU,-27.1833,151.2667,60.13,81,0,7.36,clear sky
106,Hasaki,JP,35.7333,140.8333,48.6,68,56,7.16,broken clouds
107,Albany,US,42.6001,-73.9662,47.57,47,93,3.0,overcast clouds
108,Sinjai,ID,-5.1241,120.253,76.51,91,100,2.64,overcast clouds
109,Mackay,AU,-21.15,149.2,69.67,72,0,8.61,clear sky
110,Danilovka,RU,50.3557,44.1168,55.15,67,100,8.08,overcast clouds
111,Atuona,PF,-9.8,-139.0333,79.9,77,12,17.29,few clouds
112,Arman,RU,59.7,150.1667,23.05,76,100,4.38,overcast clouds
113,Cayenne,GF,4.9333,-52.3333,82.44,1,20,9.22,few clouds
114,Sakakah,SA,29.9697,40.2064,70.59,13,0,9.1,clear sky
115,Valleyview,CA,55.0667,-117.2859,38.48,39,100,5.5,overcast clouds
116,Severo-Kurilsk,RU,50.6789,156.125,31.19,77,86,7.63,overcast clouds
117,Lieksa,FI,63.3167,30.0167,34.99,94,100,4.12,overcast clouds
118,Smidovich,RU,48.6,133.8167,34.29,99,100,4.9,light snow
119,Dakar,SN,14.6937,-17.4441,67.08,89,85,20.83,overcast clouds
120,Faanui,PF,-16.4833,-151.75,80.42,75,31,11.63,moderate rain
121,Pitimbu,BR,-7.4706,-34.8086,81.19,80,62,6.51,broken clouds
122,Guerrero Negro,MX,27.9769,-114.0611,69.64,54,85,18.37,overcast clouds
123,Castro,BR,-24.7911,-50.0119,58.51,71,3,1.81,clear sky
124,Indapur,IN,18.3,73.25,78.06,74,0,1.59,clear sky
125,Sitka,US,57.0531,-135.33,46.29,57,40,8.05,scattered clouds
126,Victoria,HK,22.2855,114.1577,72.18,79,100,10.0,overcast clouds
127,Taltal,CL,-25.4,-70.4833,64.71,71,22,5.26,few clouds
128,Quelimane,MZ,-17.8786,36.8883,76.46,79,84,3.98,broken clouds
129,Beringovskiy,RU,63.05,179.3167,30.43,97,100,12.71,snow
130,Ancud,CL,-41.8697,-73.8203,57.22,76,100,5.3,overcast clouds
131,Arraial Do Cabo,BR,-22.9661,-42.0278,73.26,78,0,10.36,clear sky
132,Sola,VU,-13.8833,167.55,81.82,73,87,5.64,overcast clouds
133,Macau,MO,22.2006,113.5461,71.4,78,40,5.75,scattered clouds
134,Tarnow,PL,50.0138,20.987,40.05,74,100,2.86,overcast clouds
135,Iquitos,PE,-3.7481,-73.2472,77.04,100,75,8.05,shower rain
136,Padang,ID,-0.9492,100.3543,78.31,89,80,3.67,heavy intensity rain
137,Kudahuvadhoo,MV,2.6708,72.8944,83.77,69,95,11.3,overcast clouds
138,Iqaluit,CA,63.7506,-68.5145,-0.31,64,55,18.01,broken clouds
139,Constitucion,CL,-35.3333,-72.4167,58.44,78,43,6.55,scattered clouds
140,Talakan,RU,50.3167,130.3667,22.91,95,17,0.43,few clouds
141,Olinda,BR,-8.0089,-34.8553,83.93,70,20,6.91,few clouds
142,Sistranda,NO,63.7256,8.834,46.36,75,73,7.34,broken clouds
143,Shingu,JP,33.7333,135.9833,58.42,89,99,7.83,overcast clouds
144,Kavieng,PG,-2.5744,150.7967,83.73,70,92,13.24,overcast clouds
145,Oktyabrskiy,RU,54.4815,53.471,42.67,90,100,6.71,overcast clouds
146,Vardo,NO,70.3705,31.1107,35.58,93,75,11.5,light intensity drizzle
147,Moron,AR,-34.6534,-58.6198,69.93,69,100,5.46,overcast clouds
148,Kargalinskaya,RU,43.7417,46.4792,50.43,82,46,13.69,scattered clouds
149,Blythe,US,33.6103,-114.5964,90.05,9,0,0.0,clear sky
150,Comodoro Rivadavia,AR,-45.8667,-67.5,69.66,37,0,11.5,clear sky
151,East London,ZA,-33.0153,27.9116,64.92,81,76,5.82,broken clouds
152,Saint-Philippe,RE,-21.3585,55.7679,74.79,88,73,13.38,light rain
153,Red Bluff,US,40.1785,-122.2358,70.68,19,0,17.27,clear sky
154,Coihaique,CL,-45.5752,-72.0662,56.01,67,100,3.44,overcast clouds
155,Qaanaaq,GL,77.484,-69.3632,-13.29,79,2,1.83,clear sky
156,Petropavlovsk-Kamchatskiy,RU,53.0452,158.6483,28.99,64,0,6.71,clear sky
157,Fortuna,US,40.5982,-124.1573,59.94,51,20,10.36,few clouds
158,Acandi,CO,8.5063,-77.2778,82.2,81,81,4.94,broken clouds
159,Vodstroy,RU,48.8416,44.5579,52.09,71,0,11.18,clear sky
160,Luanda,AO,-8.8368,13.2343,78.8,89,75,10.36,light intensity drizzle
161,Cidreira,BR,-30.1811,-50.2056,67.5,69,100,10.36,overcast clouds
162,San Cristobal,VE,7.7669,-72.225,73.58,84,100,4.34,overcast clouds
163,Kirkcudbright,GB,54.8383,-4.0491,48.76,98,100,7.94,overcast clouds
164,Yeppoon,AU,-23.1333,150.7333,67.78,82,75,11.52,broken clouds
165,Katsuura,JP,35.1333,140.3,59.47,73,97,5.79,overcast clouds
166,Touros,BR,-5.1989,-35.4608,80.2,77,70,7.58,broken clouds
167,Sept-Iles,CA,50.2001,-66.3821,39.06,71,100,5.01,overcast clouds
168,Prince Rupert,CA,54.3161,-130.3201,47.66,50,17,5.95,few clouds
169,Kamaishi,JP,39.2667,141.8833,46.96,80,21,5.55,few clouds
170,Camopi,GF,3.1655,-52.3158,74.64,96,100,5.61,heavy intensity rain
171,Abeche,TD,13.8292,20.8324,90.88,29,92,5.79,overcast clouds
172,Iralaya,HN,15.0,-83.2333,83.25,62,2,10.47,clear sky
173,Phuket,TH,8.0,98.25,79.02,94,20,0.0,few clouds
174,Mayor Pablo Lagerenza,PY,-19.9309,-60.7718,73.27,43,94,3.58,overcast clouds
175,Awjilah,LY,29.1081,21.2869,65.41,59,85,16.75,overcast clouds
176,Porto Velho,BR,-8.7619,-63.9039,80.65,89,40,2.3,moderate rain
177,Lompoc,US,34.6391,-120.4579,72.01,67,0,23.0,clear sky
178,Sao Filipe,CV,14.8961,-24.4956,71.65,77,3,12.06,clear sky
179,Nesna,NO,66.1967,13.0213,46.67,85,70,13.47,broken clouds
180,Esperance,AU,-33.8667,121.9,59.85,62,70,8.72,broken clouds
181,Komsomolskiy,UZ,40.4272,71.7189,69.71,26,22,2.53,few clouds
182,Moundou,TD,8.5667,16.0833,91.04,33,76,2.73,broken clouds
183,Bethel,US,41.3712,-73.414,49.53,42,20,13.8,few clouds
184,Saskylakh,RU,71.9167,114.0833,27.48,96,100,14.0,light snow
185,Hailar,CN,49.2,119.7,35.65,34,100,11.54,overcast clouds
186,Shahrud,IR,36.4182,54.9763,45.32,68,2,12.28,clear sky
187,Plettenberg Bay,ZA,-34.0527,23.3716,58.96,80,1,3.67,clear sky
188,Heishan,CN,41.6892,122.1128,49.05,31,38,7.25,scattered clouds
189,Ithaca,US,42.4406,-76.4966,47.39,45,75,14.97,broken clouds
190,Dodoma,TZ,-6.1722,35.7395,65.55,92,100,6.76,overcast clouds
191,Maniwaki,CA,46.3834,-75.966,44.04,36,100,11.9,overcast clouds
192,Etchoropo,MX,26.7667,-109.6667,101.41,27,94,22.1,overcast clouds
193,Necochea,AR,-38.5473,-58.7368,61.97,77,71,12.5,broken clouds
194,Meadow Lake,US,34.8014,-106.5436,77.41,8,0,13.27,clear sky
195,Clyde River,CA,70.4692,-68.5914,-4.79,88,100,5.44,overcast clouds
196,Guymon,US,36.6828,-101.4816,75.2,17,0,11.5,clear sky
197,Lata,PT,40.1629,-8.3327,58.91,96,69,2.55,broken clouds
198,Culaman,PH,5.9603,125.6586,79.09,82,100,5.03,overcast clouds
199,Porbandar,IN,21.6422,69.6093,79.77,73,4,9.8,clear sky
200,Lagos,NG,6.5833,3.75,78.98,89,100,3.87,light rain
201,Saint Anthony,US,45.0205,-93.218,44.91,60,100,14.97,overcast clouds
202,Ahipara,NZ,-35.1667,173.1667,68.63,91,100,14.45,light rain
203,Hithadhoo,MV,-0.6,73.0833,82.53,75,39,6.17,scattered clouds
204,Norton Shores,US,43.1689,-86.2639,46.98,51,40,11.5,scattered clouds
205,Chokurdakh,RU,70.6333,147.9167,-1.16,99,91,4.36,overcast clouds
206,Ilulissat,GL,69.2167,-51.1,17.62,67,75,2.3,light shower snow
207,Serenje,ZM,-13.2325,30.2352,60.93,97,10,5.93,clear sky
208,Wangqing,CN,43.3218,129.7634,39.4,46,99,3.42,overcast clouds
209,Aljezur,PT,37.3191,-8.8033,59.25,87,100,9.93,overcast clouds
210,Kaitangata,NZ,-46.2817,169.8464,46.09,82,4,3.49,clear sky
211,Henties Bay,NA,-22.116,14.2845,62.44,77,1,6.91,clear sky
212,Lebu,CL,-37.6167,-73.65,57.31,79,100,10.56,overcast clouds
213,Fuxin,CN,42.0156,121.6589,48.34,36,4,5.08,clear sky
214,Talnakh,RU,69.4865,88.3972,5.52,97,100,5.3,overcast clouds
215,Alofi,NU,-19.0595,-169.9187,81.46,74,75,10.92,broken clouds
216,Fare,PF,-16.7,-151.0167,81.46,72,11,12.71,few clouds
217,Khotiv,UA,50.3307,30.4684,35.62,86,18,6.89,few clouds
218,Letterkenny,IE,54.95,-7.7333,48.51,93,100,6.55,overcast clouds
219,Soller,ES,39.7662,2.7152,61.86,53,25,1.99,scattered clouds
220,Roald,NO,62.5833,6.1333,50.76,76,0,4.61,clear sky
221,Ponta Delgada,PT,37.7333,-25.6667,59.72,88,20,19.57,few clouds
222,Prainha,BR,-1.8,-53.48,79.11,89,100,2.24,overcast clouds
223,Birjand,IR,32.8663,59.2211,62.2,53,100,7.16,overcast clouds
224,Srednekolymsk,RU,67.45,153.6833,11.73,90,99,5.7,overcast clouds
225,Ukiah,US,39.1502,-123.2078,68.43,41,0,9.22,clear sky
226,Podgorenskiy,RU,50.405,39.6429,52.03,82,100,4.59,overcast clouds
227,Buchanan,LR,5.8808,-10.0467,78.85,83,100,6.64,overcast clouds
228,Kirakira,SB,-10.4544,161.9205,82.15,76,84,7.34,broken clouds
229,Yaan,NG,7.3833,8.5667,83.28,70,90,8.32,light rain
230,Gloversville,US,43.0528,-74.3438,46.92,58,0,14.0,clear sky
231,San Patricio,US,28.017,-97.5169,89.69,52,21,14.97,few clouds
232,Douentza,ML,14.9951,-2.9517,83.19,13,16,7.54,few clouds
233,Kargil,IN,34.5667,76.1,32.0,53,7,4.27,clear sky
234,Broome,US,42.2506,-75.833,44.71,46,100,19.57,overcast clouds
235,Gashua,NG,12.871,11.0482,86.54,48,91,13.4,overcast clouds
236,Havelock,US,34.8791,-76.9013,69.98,60,17,10.0,few clouds
237,Codrington,AU,-38.2667,141.9667,58.37,85,100,7.96,overcast clouds
238,Camacha,PT,33.0833,-16.3333,60.22,77,40,14.97,scattered clouds
239,Nouadhibou,MR,20.931,-17.0347,65.21,91,100,12.57,overcast clouds
240,Antofagasta,CL,-23.65,-70.4,63.68,77,23,6.8,few clouds
241,Edendale,ZA,-29.6528,30.3147,55.6,96,100,2.24,overcast clouds
242,Neryungri,RU,56.6709,124.6491,17.87,87,100,8.25,overcast clouds
243,Chiplun,IN,17.5333,73.5167,77.38,77,5,3.29,clear sky
244,Sinnamary,GF,5.3833,-52.95,79.39,80,72,11.41,broken clouds
245,Batagay,RU,67.6333,134.6333,7.25,95,59,5.06,broken clouds
246,Port Hedland,AU,-20.3167,118.5667,77.05,61,27,6.91,scattered clouds
247,Tongren,CN,27.7172,109.1853,49.86,96,100,0.96,overcast clouds
248,Belyy Yar,RU,53.6039,91.3903,46.29,42,0,6.71,clear sky
249,Batsfjord,NO,70.6345,29.7185,39.13,93,100,16.11,light rain
250,Bolshaya Glushitsa,RU,50.2406,43.5908,54.99,68,100,7.85,overcast clouds
251,Salalah,OM,17.0151,54.0924,82.49,83,40,3.44,scattered clouds
252,Thiruvananthapuram,IN,8.4833,76.9167,76.98,94,75,2.3,mist
253,Altay,CN,47.8667,88.1167,45.61,33,0,9.89,clear sky
254,Sisimiut,GL,66.9395,-53.6735,19.69,74,100,6.49,overcast clouds
255,Riacho De Santana,BR,-13.6092,-42.9389,75.83,67,96,11.21,overcast clouds
256,Vao,NC,-22.6667,167.4833,76.98,71,30,4.85,scattered clouds
257,Srandakan,ID,-7.9386,110.2506,77.2,89,100,4.23,overcast clouds
258,Burnie,AU,-41.0667,145.9167,57.72,91,100,6.02,light rain
259,Bulgan,MN,48.8125,103.5347,38.26,52,15,5.03,few clouds
260,Vilyuysk,RU,63.7553,121.6247,28.13,96,100,15.39,snow
261,Ambilobe,MG,-13.2,49.05,73.02,90,51,2.95,broken clouds
262,Khlevnoye,RU,52.1951,39.0932,41.02,92,100,11.65,overcast clouds
263,Rocha,UY,-34.4833,-54.3333,62.58,75,100,7.96,overcast clouds
264,College,US,64.8569,-147.8028,36.46,26,20,10.36,few clouds
265,Isabela,PH,6.7085,121.9711,77.05,86,100,5.66,overcast clouds
266,Narsaq,GL,60.9167,-46.05,34.02,83,100,5.75,overcast clouds
267,Kungurtug,RU,50.5994,97.5228,29.73,85,49,2.62,scattered clouds
268,Jimani,DO,18.4917,-71.8502,86.86,47,95,10.11,overcast clouds
269,Ankang,CN,32.68,109.0172,48.0,89,100,1.45,overcast clouds
270,Jacmel,HT,18.2342,-72.5347,82.44,66,90,11.74,overcast clouds
271,Bengkulu,ID,-3.8004,102.2655,75.47,93,93,4.81,overcast clouds
272,Ilheus,BR,-14.7889,-39.0494,74.48,87,100,12.55,overcast clouds
273,Deer Lake,CA,49.1667,-57.4316,48.06,81,75,3.44,broken clouds
274,Tahe,CN,52.3333,124.7333,23.85,81,99,3.33,overcast clouds
275,Tabuk,PH,17.4189,121.4443,71.56,90,82,1.97,broken clouds
276,Peniche,PT,39.3558,-9.3811,60.3,89,42,21.63,scattered clouds
277,Hofn,IS,64.2539,-15.2082,45.32,86,12,4.83,few clouds
278,Luau,AO,-10.7073,22.2247,65.7,95,100,2.77,light rain
279,Mazamari,PE,-11.3258,-74.5308,85.03,54,57,0.47,broken clouds
280,Vila Velha,BR,-20.3297,-40.2925,76.95,79,75,13.8,broken clouds
281,Tecoanapa,MX,16.5167,-98.75,87.39,49,44,13.11,scattered clouds
282,Paramonga,PE,-10.6667,-77.8333,70.12,76,7,11.03,clear sky
283,Sambava,MG,-14.2667,50.1667,75.4,89,81,10.29,broken clouds
284,Myingyan,MM,21.4667,95.3833,87.04,50,10,7.65,clear sky
285,Ous,RU,60.9058,61.5186,20.97,91,11,5.19,few clouds
286,Ravar,IR,31.2656,56.8055,62.74,41,7,7.0,clear sky
287,Norman Wells,CA,65.282,-126.8329,20.28,70,65,5.61,broken clouds
288,Vestmanna,FO,62.1564,-7.1664,45.52,93,100,9.22,overcast clouds
289,Macherla,IN,16.4833,79.4333,81.79,77,51,8.99,broken clouds
290,Quatre Cocos,MU,-20.2078,57.7625,76.08,88,31,13.31,moderate rain
291,Bocs,HU,48.05,20.9667,38.7,63,44,8.03,scattered clouds
292,Maraba,BR,-5.3686,-49.1178,77.18,100,75,0.0,broken clouds
293,Santa,PH,17.486,120.4348,76.32,72,69,5.26,broken clouds
294,Bambanglipuro,ID,-7.95,110.2833,77.04,90,100,4.36,overcast clouds
295,Witu,KE,-2.3889,40.4382,80.76,79,99,11.01,overcast clouds
296,Monterey,US,36.2505,-121.2516,71.19,24,0,3.76,clear sky
297,Celestun,MX,20.8667,-90.4,84.02,66,0,15.5,clear sky
298,Yokadouma,CM,3.5167,15.05,71.22,97,86,3.4,light rain
299,Molina,CL,-35.1167,-71.2833,71.33,43,0,6.91,clear sky
300,Porto Novo,BJ,6.4965,2.6036,82.31,76,100,6.91,light rain
301,Kachug,RU,53.9606,105.8817,39.76,82,100,3.2,overcast clouds
302,Metro,ID,-5.1131,105.3067,74.37,91,86,3.29,overcast clouds
303,Erenhot,CN,43.6475,111.9767,42.24,33,0,3.67,clear sky
304,Nome,US,64.5011,-165.4064,30.27,86,100,18.41,light snow
305,Burlington,US,39.8835,-74.6413,53.98,39,40,16.11,scattered clouds
306,Namwala,ZM,-15.7504,26.4384,65.71,83,62,4.25,broken clouds
307,Dingle,PH,10.9995,122.6711,75.2,89,80,7.34,broken clouds
308,Dudinka,RU,69.4058,86.1778,4.62,96,100,10.13,overcast clouds
309,Hamilton,US,39.1834,-84.5333,53.6,44,0,12.66,clear sky
310,Saiha,IN,22.4833,92.9667,63.79,92,3,3.65,clear sky
311,Sikonge,TZ,-5.6333,32.7667,64.63,86,8,3.47,clear sky
312,Shache,CN,38.4167,77.2406,56.71,18,71,3.58,broken clouds
313,Berlevag,NO,70.8578,29.0864,41.0,87,100,14.97,overcast clouds
314,Sidrolandia,BR,-20.9319,-54.9614,71.69,50,5,6.22,clear sky
315,Lorengau,PG,-2.0226,147.2712,81.81,80,42,7.38,scattered clouds
316,Kalinagar,IN,28.6167,80.1,78.28,16,14,4.94,few clouds
317,Mount Isa,AU,-20.7333,139.5,60.57,55,2,3.44,clear sky
318,Bilma,NE,18.6853,12.9164,84.24,10,57,5.48,broken clouds
319,Dno,RU,57.8277,29.9637,33.01,80,96,2.19,overcast clouds
320,Djibo,BF,14.1022,-1.6306,84.9,11,89,10.33,overcast clouds
321,Deputatskiy,RU,69.3,139.9,-2.61,100,100,1.9,overcast clouds
322,Ngunguru,NZ,-35.6167,174.5,66.02,92,100,26.84,overcast clouds
323,Sur,OM,22.5667,59.5289,86.25,48,5,10.6,clear sky
324,Manbij,SY,36.5281,37.9549,63.88,28,93,8.21,overcast clouds
325,Gigmoto,PH,13.7796,124.39,77.4,82,26,10.0,scattered clouds
326,Kenora,CA,49.8167,-94.4337,30.78,58,100,3.0,overcast clouds
327,Moustheni,GR,40.8667,24.1167,46.53,87,100,10.78,overcast clouds
328,Chuy,UY,-33.6971,-53.4616,64.83,68,100,8.23,overcast clouds
329,Bail Hongal,IN,15.8167,74.8667,75.61,66,33,10.78,scattered clouds
330,Ilhabela,BR,-23.7781,-45.3581,70.21,70,89,3.67,overcast clouds
331,Kaoma,ZM,-14.7833,24.8,67.01,85,100,3.98,overcast clouds
332,Xining,CN,36.6167,101.7667,34.11,52,74,0.87,broken clouds
333,Panaba,MX,21.2833,-88.2667,94.84,33,0,19.8,clear sky
334,Dajal,PK,29.5577,70.3762,86.45,18,98,1.48,overcast clouds
335,Avera,US,33.194,-82.5271,80.55,49,100,3.96,overcast clouds
336,Ingham,US,42.6,-84.3833,48.18,43,0,5.75,clear sky
337,Ankpa,NG,7.3706,7.6253,75.7,91,100,3.31,moderate rain
338,Bathurst,AU,-33.4166,149.5806,48.83,74,99,1.88,overcast clouds
339,Valparaiso,CL,-33.0393,-71.6273,56.48,82,100,5.75,mist
340,Suluq,LY,31.6682,20.2521,60.82,85,27,13.42,scattered clouds
341,Lydenburg,ZA,-25.0978,30.4597,53.71,97,99,0.65,light rain
342,Adjumani,UG,3.3779,31.7909,71.6,66,45,2.82,scattered clouds
343,Iranshahr,IR,27.2025,60.6848,80.56,28,22,4.68,few clouds
344,Jumla,NP,29.2747,82.1838,49.17,58,30,4.12,scattered clouds
345,Isangel,VU,-19.55,169.2667,80.53,79,100,1.81,overcast clouds
346,Umm Kaddadah,SD,13.6017,26.6876,87.35,16,21,9.69,few clouds
347,Morro Bay,US,35.3658,-120.8499,77.4,59,9,10.0,clear sky
348,Port Blair,IN,11.6667,92.75,81.12,74,72,1.81,broken clouds
349,Mau,IN,25.95,83.55,84.78,10,0,2.46,clear sky
350,Namatanai,PG,-3.6667,152.4333,82.06,75,92,7.94,overcast clouds
351,Nizhneudinsk,RU,54.9076,99.0276,47.21,68,100,5.28,overcast clouds
352,Ostrovnoy,RU,68.0531,39.5131,33.4,90,100,14.23,overcast clouds
353,Kongolo,CD,-5.3833,27.0,71.76,92,19,2.17,few clouds
354,Tiksi,RU,71.6872,128.8694,-7.92,99,77,2.04,broken clouds
355,Udachnyy,RU,66.4167,112.4,31.66,98,100,10.74,light snow
356,Klaksvik,FO,62.2266,-6.589,47.32,95,100,10.27,overcast clouds
357,Calvinia,ZA,-31.4707,19.776,62.55,45,0,3.65,clear sky
358,Sitangkai,PH,4.6628,119.3928,82.58,74,100,10.04,overcast clouds
359,Ust-Kan,RU,50.9276,84.761,41.11,53,87,3.74,overcast clouds
360,Maningrida,AU,-12.0667,134.2667,73.74,93,100,8.3,overcast clouds
361,Kobe,JP,34.6913,135.183,56.89,82,100,7.4,overcast clouds
362,Aklavik,CA,68.2191,-135.0107,17.6,76,100,15.86,overcast clouds
363,Los Corrales De Buelna,ES,43.2636,-4.0726,56.35,77,100,3.0,overcast clouds
364,Ponta Do Sol,PT,32.6667,-17.1,69.12,47,100,12.35,overcast clouds
365,Halifax,CA,44.6453,-63.5724,51.69,56,85,7.0,overcast clouds
366,Souillac,MU,-20.5167,57.5167,77.52,88,78,13.98,light rain
367,Kitimat,CA,54.0524,-128.6534,54.91,36,13,2.13,few clouds
368,Suntar,RU,62.1444,117.6319,38.41,95,100,8.01,overcast clouds
369,Raga,SS,8.4596,25.678,83.75,40,12,4.12,few clouds
370,Finnsnes,NO,69.2296,17.9811,41.61,90,100,5.37,overcast clouds
371,Gat,IL,31.61,34.7642,90.28,18,13,17.38,few clouds
372,Lagoa,PT,39.05,-27.9833,57.11,66,32,14.16,scattered clouds
373,Hirara,JP,24.8,125.2833,70.29,69,87,7.74,overcast clouds
374,Linguere,SN,15.3953,-15.1193,89.58,14,9,12.48,clear sky
375,Taldan,RU,53.6667,124.8,26.49,60,100,3.38,overcast clouds
376,Katangli,RU,51.7102,143.2326,27.07,96,99,7.76,overcast clouds
377,Oxapampa,PE,-10.5775,-75.4017,69.21,73,39,4.16,scattered clouds
378,Ranot,TH,7.7777,100.3213,81.64,81,94,9.48,overcast clouds
379,Chone,EC,-0.6833,-80.1,81.3,77,74,7.67,light rain
380,Isoka,ZM,-10.1606,32.6335,61.5,97,63,1.39,broken clouds
381,Lavrentiya,RU,65.5833,-171.0,30.0,94,100,13.42,light snow
382,Davila,PH,18.4726,120.5763,73.38,81,98,12.93,overcast clouds
383,Whitehorse,CA,60.7161,-135.0538,30.02,58,100,0.83,overcast clouds
384,Encruzilhada Do Sul,BR,-30.5439,-52.5219,60.64,73,96,7.58,moderate rain
385,North Bend,US,43.4065,-124.2243,56.25,77,0,10.36,clear sky
386,Mareeba,AU,-17.0,145.4333,70.52,93,97,1.83,overcast clouds
387,Te Anau,NZ,-45.4167,167.7167,48.69,85,36,1.1,scattered clouds
388,Sobolevo,RU,54.4299,31.8996,34.59,72,96,11.41,overcast clouds
389,Otjiwarongo,NA,-20.4637,16.6477,69.17,59,86,4.54,overcast clouds
390,Faya,SA,18.3851,42.4509,66.72,37,58,7.74,broken clouds
391,Bousso,TD,10.4795,16.7117,90.7,39,66,6.08,broken clouds
392,Malm,NO,64.0721,11.2172,37.29,96,82,1.54,broken clouds
393,Palora,EC,-1.7,-77.9333,71.71,93,99,1.86,moderate rain
394,Taonan,CN,45.3333,122.7833,38.41,46,3,7.02,clear sky
395,Howard Springs,AU,-12.497,131.047,78.71,99,49,3.2,scattered clouds
396,Kontagora,NG,10.3999,5.4695,86.45,50,86,8.57,overcast clouds
397,Torit,SS,4.4133,32.5678,77.59,58,81,4.09,broken clouds
398,Namibe,AO,-15.1961,12.1522,75.27,72,24,2.93,few clouds
399,Yumen,CN,40.2833,97.2,41.65,27,0,7.09,clear sky
400,Poya,NC,-21.35,165.15,75.07,72,91,1.61,overcast clouds
401,Gunjur,GM,13.2019,-16.7339,69.12,83,4,17.87,clear sky
402,Kaeo,NZ,-35.1,173.7833,67.32,98,100,17.18,overcast clouds
403,Kavaratti,IN,10.5669,72.642,83.34,74,59,4.88,broken clouds
404,Maceio,BR,-9.6658,-35.7353,80.04,83,40,6.91,scattered clouds
405,Mahon,ES,39.8885,4.2658,52.36,82,0,2.3,clear sky
406,Basco,PH,20.4487,121.9702,76.41,73,100,18.59,overcast clouds
407,Marrakesh,MA,31.6315,-8.0083,80.67,28,0,11.5,clear sky
408,Boddam,GB,57.4667,-1.7833,46.78,87,100,18.99,overcast clouds
409,Belmonte,BR,-15.8631,-38.8828,77.43,75,100,14.76,overcast clouds
410,Ishigaki,JP,24.3448,124.1572,71.28,71,95,7.96,overcast clouds
411,Turayf,SA,31.6725,38.6637,68.9,13,0,12.44,clear sky
412,Anadyr,RU,64.75,177.4833,32.49,86,75,24.61,light snow
413,Shetpe,KZ,44.1667,52.1167,57.24,52,7,4.47,clear sky
414,Abhar,IR,36.1468,49.218,42.78,66,0,7.07,clear sky
415,Filadelfia,US,39.9523,-75.1638,53.51,36,40,19.57,scattered clouds
416,Belomorsk,RU,64.5232,34.7668,35.47,98,100,4.14,overcast clouds
417,Kattivakkam,IN,13.2167,80.3167,86.09,87,34,3.83,scattered clouds
418,Ampanihy,MG,-24.7,44.75,72.09,88,86,9.26,overcast clouds
419,Alice Springs,AU,-23.7,133.8833,69.22,32,18,5.75,few clouds
420,Virginia Beach,US,36.8529,-75.978,61.05,59,75,9.22,broken clouds
421,Ketchikan,US,55.3422,-131.6461,48.67,46,40,9.22,scattered clouds
422,Sorland,NO,67.667,12.6934,42.67,84,100,16.37,overcast clouds
423,Rio Gallegos,AR,-51.6226,-69.2181,59.05,51,0,11.5,clear sky
424,Lianzhou,CN,24.7811,112.3825,54.66,97,100,3.94,overcast clouds
425,Muswellbrook,AU,-32.2667,150.9,52.32,92,34,3.24,scattered clouds
426,Viedma,AR,-40.8135,-62.9967,67.78,55,2,12.19,clear sky
427,Tuatapere,NZ,-46.1333,167.6833,48.27,85,8,4.94,clear sky
428,Ust-Nera,RU,64.5667,143.2,8.87,98,98,2.44,overcast clouds
429,Chumikan,RU,54.7183,135.315,13.33,94,50,6.55,scattered clouds
430,Bosaso,SO,11.2842,49.1816,84.0,67,1,4.38,clear sky
431,Tommot,RU,58.9564,126.2925,20.59,83,100,4.34,overcast clouds
432,Port Macquarie,AU,-31.4333,152.9167,59.9,91,17,4.03,few clouds
433,Flinders,AU,-34.5833,150.8552,61.38,85,82,3.0,broken clouds
434,Ixtapa,MX,20.7,-105.2,79.83,65,40,16.11,scattered clouds
435,Uyuni,BO,-20.4597,-66.825,56.43,8,1,17.56,clear sky
436,Korla,CN,41.7597,86.1469,55.9,15,2,6.71,clear sky
437,Santa Cruz Del Sur,CU,20.7147,-77.9956,81.54,64,0,9.6,clear sky
438,Beian,NO,63.6559,9.5683,46.99,71,0,10.36,clear sky
439,Half Moon Bay,US,37.4636,-122.4286,68.88,61,0,18.41,clear sky
440,Tura,IN,25.5198,90.2201,67.71,82,0,4.76,clear sky
441,Kashiwazaki,JP,37.3667,138.55,49.8,78,52,5.28,broken clouds
442,Khamamatyurt,RU,43.6081,46.5006,48.63,86,42,11.14,scattered clouds
443,Umm Lajj,SA,25.0213,37.2685,83.84,35,100,7.09,overcast clouds
444,Warmbad,NA,-28.45,18.7333,71.24,26,0,5.84,clear sky
445,Hualmay,PE,-11.0964,-77.6139,70.45,75,8,11.21,clear sky
446,Stephenville Crossing,CA,48.5,-58.4318,45.21,88,98,16.22,overcast clouds
447,Nokaneng,BW,-19.6667,22.2667,69.51,77,37,2.21,moderate rain
448,Gamba,GA,-2.65,10.0,77.97,90,100,4.34,overcast clouds
449,Digha,IN,21.6833,87.55,80.46,87,27,15.52,scattered clouds
450,Seabra,BR,-12.4186,-41.7703,68.99,90,100,5.95,overcast clouds
451,Kloulklubed,PW,7.0419,134.2556,73.9,72,98,1.79,overcast clouds
452,Tefe,BR,-3.3542,-64.7114,82.51,89,20,3.44,few clouds
453,Pevek,RU,69.7008,170.3133,3.76,92,30,2.06,scattered clouds
454,Deniliquin,AU,-35.5333,144.9667,67.48,46,100,6.31,light rain
455,Tabou,CI,4.423,-7.3528,76.93,84,100,2.19,overcast clouds
456,Penzance,GB,50.1186,-5.5371,50.41,87,3,17.69,clear sky
457,Banda Aceh,ID,5.5577,95.3222,78.78,80,79,4.45,broken clouds
458,Chipata,ZM,-13.6333,32.65,63.21,97,19,4.68,few clouds
459,Monrovia,LR,6.3005,-10.7969,78.57,81,100,9.8,overcast clouds
460,Saint-Georges,GD,12.0564,-61.7485,80.15,75,97,15.66,overcast clouds
461,Sandakan,MY,5.8402,118.1179,75.94,88,56,0.6,broken clouds
462,Martapura,ID,-3.4167,114.85,75.29,100,100,3.44,overcast clouds
463,Buique,BR,-8.6231,-37.1558,74.25,66,93,3.44,overcast clouds
464,Zvishavane,ZW,-20.3267,30.0665,59.65,97,100,4.41,overcast clouds
465,Kutum,SD,14.2,24.6667,78.84,16,8,0.89,clear sky
466,Pombas,CV,17.1503,-25.0201,67.73,75,5,15.64,clear sky
467,Turlock,US,37.4947,-120.8466,75.0,24,0,5.75,clear sky
468,Imbituba,BR,-28.24,-48.6703,66.31,72,20,5.12,few clouds
469,Sechura,PE,-5.5569,-80.8222,78.12,57,7,16.11,clear sky
470,Inuvik,CA,68.3499,-133.7218,15.28,79,100,15.64,overcast clouds
471,Waipawa,NZ,-41.4122,175.5153,55.13,69,78,11.48,broken clouds
472,Ulladulla,AU,-35.35,150.4667,58.98,70,100,7.54,overcast clouds
473,Verkhoyansk,RU,67.5447,133.385,-1.8,98,57,1.66,broken clouds
474,Koumac,NC,-20.5667,164.2833,76.57,69,95,2.8,overcast clouds
475,Grao Mogol,BR,-16.5594,-42.8897,66.24,80,100,6.08,overcast clouds
476,Pocao De Pedras,BR,-4.6667,-44.85,76.8,94,100,2.82,overcast clouds
477,Prince George,CA,53.9166,-122.753,49.62,28,66,1.99,broken clouds
478,Ornskoldsvik,SE,63.2909,18.7153,34.75,100,100,4.61,overcast clouds
479,Karasjok,NO,69.4719,25.5112,37.17,96,100,4.14,overcast clouds
480,Okhotsk,RU,59.3833,143.3,17.98,87,99,6.62,overcast clouds
481,Pogar,RU,52.554,33.2591,33.85,98,100,10.83,light snow
482,Marquette,US,46.5333,-87.6335,36.84,70,91,7.47,overcast clouds
483,Laguna,US,38.421,-121.4238,73.15,30,0,9.22,clear sky
484,Nueva Helvecia,UY,-34.3,-57.2333,66.6,72,100,11.1,light rain
485,Krasnoselkup,RU,65.7,82.4667,5.34,93,79,10.04,broken clouds
486,Margate,GB,51.3813,1.3862,49.69,75,100,1.01,overcast clouds
487,Nieuw Amsterdam,SR,5.8833,-55.0833,84.36,78,40,11.5,scattered clouds
488,Fort Saint James,CA,54.4333,-124.25,44.74,33,96,4.97,overcast clouds
489,Ribeirao,BR,-8.5144,-35.3778,75.85,90,45,5.64,scattered clouds
490,Santo Antonio Do Ica,BR,-3.1022,-67.9397,82.6,84,51,1.9,broken clouds
491,George,ZA,-33.963,22.4617,57.97,82,0,3.38,clear sky
492,Grand Gaube,MU,-20.0064,57.6608,76.37,91,32,3.0,scattered clouds
493,Tateyama,JP,34.9833,139.8667,57.09,73,100,6.15,overcast clouds
494,Ibra,OM,22.6906,58.5334,79.65,41,2,0.63,clear sky
495,Zyryanka,RU,65.75,150.85,7.66,97,100,4.94,overcast clouds
496,Muros,ES,42.7762,-9.0603,57.83,80,8,11.39,clear sky
497,Beipiao,CN,41.7919,120.7792,47.08,45,2,7.74,clear sky
498,Beloha,MG,-25.1667,45.05,73.36,87,72,11.99,broken clouds
499,Cabo San Lucas,MX,22.8909,-109.9124,93.61,30,20,6.91,few clouds
500,Kedrovyy,RU,56.1667,91.8167,48.61,96,92,4.85,overcast clouds
501,Brookings,US,44.3114,-96.7984,37.74,80,100,16.11,overcast clouds
502,Vila Franca Do Campo,PT,37.7167,-25.4333,59.41,79,63,11.43,broken clouds
503,Danjiangkou,CN,32.5428,111.5086,50.02,81,92,8.12,overcast clouds
504,Bathsheba,BB,13.2167,-59.5167,81.21,74,40,18.41,scattered clouds
505,Kailua,US,21.4022,-157.7394,80.58,67,40,12.66,scattered clouds
506,Aquin,HT,18.2833,-73.4,81.46,67,89,10.47,overcast clouds
507,Goksun,TR,38.021,36.4973,52.38,48,100,5.7,overcast clouds
508,La Reforma,MX,25.0833,-108.05,87.53,34,87,14.41,overcast clouds
509,Namikupa,TZ,-10.8333,39.6,70.95,98,10,2.68,clear sky
510,Dao,PH,11.3937,122.6856,75.22,89,100,2.33,overcast clouds
511,Kisangani,CD,0.5167,25.2,73.31,75,30,2.04,scattered clouds
512,Oistins,BB,13.0667,-59.5333,80.69,74,40,18.41,scattered clouds
513,Nizwa,OM,22.9333,57.5333,82.67,27,4,3.4,clear sky
514,Senador Jose Porfirio,BR,-2.5908,-51.9542,79.59,86,100,3.06,moderate rain
515,Makungu,TZ,-8.7333,35.2833,64.49,98,99,3.67,light rain
516,Teya,RU,60.3778,92.6267,27.21,87,98,9.82,overcast clouds
517,Rosetta,EG,31.4044,30.4164,69.13,62,100,16.42,overcast clouds
518,Chaohu,CN,31.6,117.8667,56.5,79,100,1.97,overcast clouds
519,Vostok,RU,46.4856,135.8833,25.7,78,15,4.18,few clouds
520,Ondangwa,NA,-17.9167,15.95,76.41,54,83,8.43,broken clouds
521,Makarov,RU,48.6333,142.8,31.89,92,95,4.83,overcast clouds
522,Varangaon,IN,21.0167,75.9,86.02,30,0,7.07,clear sky
523,Ust-Kuyga,RU,70.0167,135.6,-1.71,99,81,3.44,broken clouds
524,Sao Felix Do Xingu,BR,-6.6447,-51.995,76.37,96,89,1.79,light rain
525,Montgomery,US,39.1501,-77.1997,56.57,35,0,5.75,clear sky
526,Bonthe,SL,7.5264,-12.505,79.14,75,100,9.82,overcast clouds
527,Naryan-Mar,RU,67.6713,53.087,32.52,98,100,8.81,overcast clouds
528,Taseyevo,RU,57.2169,94.8978,45.18,87,100,4.61,overcast clouds
529,Maragogi,BR,-9.0122,-35.2225,78.8,83,48,8.28,scattered clouds
530,Gwadar,PK,25.1216,62.3254,81.14,78,1,9.57,clear sky
531,Knokke-Heist,BE,51.3333,3.3333,56.01,38,87,10.51,overcast clouds
532,Kipia,GR,40.8876,24.2017,48.06,79,100,11.86,overcast clouds
533,Spearfish,US,44.4908,-103.8594,46.89,38,40,23.02,scattered clouds
534,Surt,LY,31.2089,16.5887,61.54,80,0,9.78,clear sky
535,Garowe,SO,8.4054,48.4845,80.82,67,56,10.89,broken clouds
536,Port Shepstone,ZA,-30.7414,30.455,65.1,84,82,8.21,broken clouds
537,Bomet,KE,-0.7813,35.3416,56.39,99,100,1.48,moderate rain
538,Les Cayes,HT,18.2,-73.75,81.1,69,93,10.13,overcast clouds
539,Daru,PG,-9.0763,143.2092,78.67,84,100,2.15,overcast clouds
540,Dunn,US,44.95,-91.8835,46.96,37,100,8.05,overcast clouds
541,Ugoofaaru,MV,5.6667,73.0,83.95,74,100,9.55,overcast clouds
542,Corn Island,NI,12.1694,-83.0418,80.83,76,50,11.72,scattered clouds
543,Vanavara,RU,60.34,102.2797,36.41,88,80,11.05,broken clouds
544,Itarema,BR,-2.9248,-39.9167,79.16,84,81,7.56,broken clouds
545,Sayyan,YE,15.1718,44.3244,61.45,30,35,2.64,scattered clouds
546,Arroio Grande,BR,-32.2375,-53.0869,66.18,62,100,9.93,moderate rain
547,Puerto Colombia,CO,10.9878,-74.9547,87.89,79,100,6.98,overcast clouds
548,Lima,PE,-12.0432,-77.0282,67.39,65,75,3.44,broken clouds
549,Port Hardy,CA,50.6996,-127.4199,49.23,56,66,18.43,broken clouds
550,Hambantota,LK,6.1241,81.1185,79.43,85,80,9.6,broken clouds
551,Praia,CV,14.9215,-23.5087,70.81,79,2,14.9,clear sky
552,Ballina,AU,-28.8667,153.5667,65.01,99,84,6.31,broken clouds
553,Fairbanks,US,64.8378,-147.7164,36.48,27,0,10.36,clear sky
554,Dumas,US,35.8656,-101.9732,74.61,17,0,8.05,clear sky
555,Talcahuano,CL,-36.7167,-73.1167,55.08,88,75,3.44,broken clouds
556,Morondava,MG,-20.2833,44.2833,81.61,83,1,6.15,clear sky
557,Bartica,GY,6.4,-58.6167,84.52,67,100,6.24,overcast clouds
558,Storforshei,NO,66.4043,14.5233,38.66,86,75,2.3,broken clouds
559,Frecatei,RO,45.1,28.6667,40.68,87,75,5.75,drizzle
560,Yulara,AU,-25.2406,130.9889,58.84,55,0,3.44,clear sky
561,Mitsamiouli,KM,-11.3847,43.2844,81.91,74,9,7.47,clear sky
562,Zhigansk,RU,66.7697,123.3711,27.01,79,100,29.68,overcast clouds
563,Torrington,US,41.8007,-73.1212,47.28,45,98,8.01,overcast clouds
564,Vitim,RU,59.4511,112.5578,42.46,99,100,10.18,light rain
565,Aswan,EG,24.0934,32.907,88.38,11,3,8.88,clear sky
566,Griffith,US,41.5284,-87.4237,48.27,63,0,11.5,clear sky
567,Novikovo,RU,51.1537,37.8879,46.87,94,100,7.67,overcast clouds
568,Paita,PE,-5.0892,-81.1144,71.87,72,6,18.23,clear sky
569,Columbia,US,34.0007,-81.0348,82.74,43,20,10.36,few clouds
570,Sitges,ES,41.2351,1.8119,61.21,70,100,2.68,overcast clouds
571,Bima,ID,-8.4667,118.7167,76.98,92,100,0.87,light rain
572,Atherton,GB,53.5237,-2.4935,59.29,78,100,4.0,light rain
573,Nalut,LY,30.3333,10.85,63.07,31,0,8.99,clear sky
574,Berdigestyakh,RU,62.0989,126.6992,23.99,82,100,11.7,overcast clouds
575,Broken Hill,AU,-31.95,141.4333,69.94,37,100,6.31,overcast clouds
576,Uige,AO,-7.6087,15.0613,68.88,90,97,2.73,overcast clouds
577,Shaunavon,CA,49.6501,-108.4181,33.21,55,92,8.19,overcast clouds
578,Gombe,NG,10.2897,11.1673,83.95,48,99,3.71,light rain
579,Ust-Tsilma,RU,65.441,52.1498,32.94,98,100,5.32,overcast clouds
580,Los Llanos De Aridane,ES,28.6585,-17.9182,65.95,78,100,14.97,overcast clouds
581,Coahuayana,MX,18.7333,-103.6833,87.96,52,68,8.19,broken clouds
582,Borovoy,RU,55.4333,86.0833,51.08,57,40,6.71,scattered clouds
583,Tkibuli,GE,42.3477,42.9981,61.84,52,85,14.85,overcast clouds
584,Yara,CU,20.2753,-76.9533,84.25,54,62,5.37,light rain
585,Juan Lacaze,UY,-34.4342,-57.4381,67.12,74,100,15.3,light rain
586,Rock Springs,US,41.5875,-109.2029,48.04,34,100,27.63,overcast clouds
587,Nishihara,JP,26.1842,127.7558,66.25,72,75,4.61,broken clouds
588,Kondinskoye,RU,59.6481,67.41,20.71,93,19,5.57,few clouds
589,Derbent,RU,42.0678,48.2899,51.3,82,1,9.44,clear sky
590,Inirida,CO,3.8653,-67.9239,82.11,82,98,3.65,overcast clouds
591,Cajibio,CO,2.6227,-76.5704,63.81,96,100,1.74,moderate rain
592,Chimore,BO,-16.9833,-65.1333,70.39,76,90,1.16,overcast clouds
593,Chiredzi,ZW,-21.05,31.6667,64.2,90,100,5.32,overcast clouds
594,Banyo,CM,6.75,11.8167,72.21,77,91,1.59,overcast clouds
595,Puerto Cabezas,NI,14.0351,-83.3888,84.49,63,3,12.66,clear sky
596,Sangar,RU,63.9242,127.4739,21.06,87,100,17.9,overcast clouds
597,Atambua,ID,-9.1061,124.8925,74.07,86,98,3.6,overcast clouds
598,Stepnyak,KZ,52.8339,70.7803,46.11,57,100,10.33,overcast clouds
599,Poso,ID,-1.3959,120.7524,76.08,86,76,2.93,broken clouds
600,Wanparti,IN,16.3667,78.0667,84.99,45,100,3.15,overcast clouds
601,Rafaela,AR,-31.2503,-61.4867,71.98,34,12,4.0,few clouds
602,Naze,JP,28.3667,129.4833,62.67,61,76,4.92,broken clouds
603,Nevel,RU,56.0209,29.9284,31.64,84,15,4.88,few clouds
604,Progreso,MX,21.2833,-89.6667,99.1,65,0,17.05,clear sky
605,Caiaponia,BR,-16.9567,-51.8103,69.78,57,68,4.88,broken clouds
606,Ouegoa,NC,-20.35,164.4333,76.17,68,97,3.71,overcast clouds
607,Juigalpa,NI,12.1063,-85.3645,96.49,26,90,4.63,overcast clouds
608,Takoradi,GH,4.8845,-1.7554,79.63,85,100,11.72,overcast clouds
609,Atar,MR,20.5169,-13.0499,88.0,11,100,5.06,overcast clouds
610,Santiago Del Estero,AR,-27.7951,-64.2615,75.94,41,0,5.28,clear sky
611,Xai-Xai,MZ,-25.0519,33.6442,69.46,95,100,13.42,moderate rain
612,Tilichiki,RU,60.4667,166.1,19.54,89,66,5.82,broken clouds
613,Manta,EC,-0.95,-80.7333,85.78,62,40,5.75,scattered clouds
614,Mangai,CD,-4.05,19.5333,73.0,87,59,1.97,broken clouds
615,Haikou,CN,20.0458,110.3417,74.59,91,98,10.22,overcast clouds
616,Hami,CN,42.8,93.45,53.26,20,0,5.41,clear sky
617,Chulym,RU,55.0997,80.9572,40.44,86,0,7.25,clear sky
618,Yabrud,SY,33.9674,36.6574,62.17,19,83,5.75,broken clouds
619,Iquique,CL,-20.2208,-70.1431,68.04,75,13,5.88,few clouds
620,Amapa,BR,1.0,-52.0,75.72,97,100,4.38,overcast clouds
621,Sabha,LY,27.0377,14.4283,67.1,31,89,7.56,overcast clouds
622,Bom Jesus Da Lapa,BR,-13.255,-43.4181,79.41,63,98,5.77,light rain
623,Uvinza,TZ,-5.1036,30.3911,65.08,94,9,2.01,clear sky
624,Limbang,MY,4.75,115.0,78.91,94,37,1.86,scattered clouds
625,Kilindoni,TZ,-7.9139,39.6668,81.73,79,77,14.14,light rain
626,Kharp,RU,66.8014,65.8081,14.5,93,100,4.68,overcast clouds
627,Lincoln,US,40.8,-96.667,47.17,62,75,12.66,broken clouds
628,Agua Dulce,MX,18.1333,-94.1333,85.78,50,3,10.09,clear sky
629,Mana,GF,5.6592,-53.7767,79.07,81,36,10.27,scattered clouds
630,Nacogdoches,US,31.6002,-94.6335,85.33,68,20,9.06,few clouds
631,Auning,DK,56.4308,10.3782,43.79,78,7,1.99,clear sky
632,Sault Sainte Marie,CA,46.5168,-84.3333,43.36,39,0,6.91,clear sky
633,Polunochnoye,RU,60.8697,60.4153,18.84,93,11,3.83,few clouds
634,Barrie,CA,44.4001,-79.6663,44.92,55,69,11.97,broken clouds
635,Oudtshoorn,ZA,-33.5907,22.2014,57.76,74,0,3.51,clear sky
636,Dharchula,IN,29.85,80.5333,64.29,29,64,8.05,broken clouds
637,Ajaccio,FR,42.0,8.9167,48.25,66,0,4.61,clear sky
638,Orebro,SE,59.2741,15.2066,44.58,75,22,4.61,few clouds
639,Batemans Bay,AU,-35.7167,150.1833,59.09,73,92,5.1,overcast clouds
640,Puerto Escondido,MX,15.85,-97.0667,88.34,56,68,11.05,broken clouds
641,Tottori,JP,35.5,134.2333,52.81,58,100,3.15,overcast clouds
642,Trapani,IT,37.8333,12.6667,53.24,86,100,16.84,light rain
643,Merauke,ID,-8.4667,140.3333,77.95,88,86,6.06,overcast clouds
644,Maryville,US,35.7565,-83.9705,69.67,46,75,10.36,broken clouds
645,Matagami,CA,49.7502,-77.6328,27.54,78,100,10.94,overcast clouds
646,Parsons,US,37.3403,-95.2611,48.07,93,100,12.35,overcast clouds
647,Dwarka,IN,22.2394,68.9678,79.56,77,6,11.48,clear sky
648,Tautira,PF,-17.7333,-149.15,81.34,72,20,13.4,few clouds
649,Marigot,MF,18.0667,-63.0833,79.75,76,9,23.89,clear sky
650,Raudeberg,NO,61.9875,5.1352,47.07,80,100,10.25,overcast clouds
651,Meulaboh,ID,4.1363,96.1285,77.74,88,100,3.42,overcast clouds
652,Awbari,LY,26.5921,12.7805,66.09,32,81,6.67,broken clouds
653,Presidencia Roque Saenz Pena,AR,-26.7852,-60.4388,70.16,62,2,5.06,clear sky
654,Tazovskiy,RU,67.4667,78.7,12.09,92,98,13.18,overcast clouds
655,Olovyannaya,RU,50.95,115.5667,39.04,72,100,7.52,light rain
656,Birao,CF,10.2849,22.7882,89.64,34,100,7.4,overcast clouds
657,Shimanovsk,RU,52.0,127.7,29.98,68,0,5.14,clear sky
658,Barra Patuca,HN,15.8,-84.2833,83.37,66,3,9.08,clear sky
659,Wattegama,LK,6.7989,81.4808,74.19,94,62,3.11,broken clouds
660,Lalmohan,BD,22.3384,90.7419,81.1,85,48,12.12,scattered clouds
661,Bloemfontein,ZA,-29.1211,26.214,49.48,100,91,1.14,overcast clouds
662,Bermeo,ES,43.4209,-2.7215,56.48,85,100,11.18,overcast clouds
663,Grand Baie,MU,-20.0182,57.5802,76.44,91,35,3.0,scattered clouds
664,Coruripe,BR,-10.1256,-36.1756,80.6,77,11,12.66,moderate rain
665,Lewiston,US,44.1003,-70.2148,47.35,46,75,8.05,broken clouds
666,Zorritos,PE,-3.6805,-80.6782,79.09,74,28,9.73,scattered clouds
667,Almaznyy,RU,48.0448,40.045,53.92,68,100,5.08,overcast clouds
668,Izhma,RU,65.0083,53.9113,31.86,94,91,6.62,overcast clouds
669,Cabedelo,BR,-6.9811,-34.8339,81.27,78,78,7.16,broken clouds
670,Beaverlodge,CA,55.2166,-119.4361,35.44,47,100,7.76,overcast clouds
671,Ellensburg,US,46.9965,-120.5479,52.25,40,20,7.0,few clouds
672,Athens,GR,37.9795,23.7162,58.12,74,75,58.0,broken clouds
673,Labuhan,ID,-6.8844,112.2051,79.68,86,70,3.11,broken clouds
674,Gasa,PS,31.5,34.4667,88.88,18,1,17.4,clear sky
675,Paragominas,BR,-2.9667,-47.4833,76.33,94,98,3.38,moderate rain
676,Caravelas,BR,-17.7125,-39.2481,77.29,66,100,10.89,overcast clouds
677,Galesong,ID,-5.3166,119.3661,79.21,84,100,3.85,overcast clouds
